"OldName","NewName","Status"
"[BixLink]印字内容変更25_06","BixLink_印字内容変更2506","変換"
"[BixLink]価格改定25_06","BixLink_価格改定2506","変換"
"[BixLink]価格改定26_01","BixLink_価格改定2601","変換"
"[BixLink]価格改定26_03","BixLink_価格改定2603","変換"
"[BixLink]製造中止25_05","BixLink_製造中止2505","変換"
"[Cypress]価格改定25_03","Cypress_価格改定2503","変換"
"[DDK]価格改定25_05","DDK_価格改定2505","変換"
"[DDK]価格改定25_07","DDK_価格改定2507","変換"
"[Diodes]製造中止25_09","Diodes_製造中止2509","変換"
"[DMC]価格改定25_07","DMC_価格改定2507","変換"
"[DMC]製造中止25_06","DMC_製造中止2506","変換"
"[IDEC]パック販売中止25_08","IDEC_パック販売中止2508","変換"
"[Infineon]ウエハーテストサイト追加26_09_2024-215-A","Infineon_ウエハーテストサイト追加2609_2024-215-A","変換"
"[infineon]データシート更新25_07_113587","infineon_データシート更新2507_113587","変換"
"[infineon]材料変更25_08_110758","infineon_材料変更2508_110758","変換"
"[Infineon]生産工場追加26_06_2025-195-A","Infineon_生産工場追加2606_2025-195-A","変換"
"[Infineon]製造中止25_12_PD_196_25","Infineon_製造中止2512_PD_196_25","変換"
"[JST]価格改定25_12","JST_価格改定2512","変換"
"[KEL]価格改定25_08","KEL_価格改定2508","変換"
"[Kingbright]湿度表示カード変更25_01","Kingbright_湿度表示カード変更2501","変換"
"[Kingbright]新工場設立25_06","Kingbright_新工場設立2506","変換"
"[KITZ]価格改定25_06","KITZ_価格改定2506","変換"
"[KOA]価格改定25_07_2204改定_追加","KOA_価格改定2507_2204改定_追加","変換"
"[KOA]価格改定26_05","KOA_価格改定2605","変換"
"[KOA]製造中止27_03","KOA_製造中止2703","変換"
"[KOA]中国工場移転25_10","KOA_中国工場移転2510","変換"
"[Lattice]価格改定25_01","Lattice_価格改定2501","変換"
"[LEMO]デンジャーシール貼り付け廃止25_03","LEMO_デンジャーシール貼り付け廃止2503","変換"
"[LittelFuse]価格改定25_06","LittelFuse_価格改定2506","変換"
"[Macronix]価格改定26_01","Macronix_価格改定2601","変換"
"[Microchip]ダイアタッチ材料新規認定25_10_DSNO-07AOWZ935","Microchip_ダイアタッチ材料新規認定2510_DSNO-07AOWZ935","変換"
"[Microchip]ラベル仕様変更25_07","Microchip_ラベル仕様変更2507","変換"
"[Microchip]ラベル表示変更25_07_114005","Microchip_ラベル表示変更2507_114005","変換"
"[Microchip]ワイヤー材料変更25_07_113920","Microchip_ワイヤー材料変更2507_113920","変換"
"[Microchip]ワイヤー材料変更25_08","Microchip_ワイヤー材料変更2508","変換"
"[Microchip]価格改定25_06","Microchip_価格改定2506","変換"
"[Microchip]後工程工場新規認定26_05","Microchip_後工程工場新規認定2605","変換"
"[Microchip]工場認定25_10_PCN111024","Microchip_工場認定2510_PCN111024","変換"
"[Microchip]梱包ラベル表記変更25_07","Microchip_梱包ラベル表記変更2507","変換"
"[Microchip]材料新規認定25_05","Microchip_材料新規認定2505","変換"
"[Microchip]材料新規認定25_09_CENO-16EGCZ399","Microchip_材料新規認定2509_CENO-16EGCZ399","変換"
"[Microchip]材料新規認定26_04","Microchip_材料新規認定2604","変換"
"[Microchip]材料新規認定26_06","Microchip_材料新規認定2606","変換"
"[Microchip]材料新規認定26_09","Microchip_材料新規認定2609","変換"
"[Microchip]材料追加25_08","Microchip_材料追加2508","変換"
"[Microchip]材料追加25_09","Microchip_材料追加2509","変換"
"[Microchip]材料変更25_06","Microchip_材料変更2506","変換"
"[Microchip]材料変更25_07","Microchip_材料変更2507","変換"
"[Microchip]材料変更25_09","Microchip_材料変更2509","変換"
"[Microchip]材料変更25_09_116107","Microchip_材料変更2509_116107","変換"
"[Microchip]材料変更25_09_CENO-16EGCZ399","Microchip_材料変更2509_CENO-16EGCZ399","変換"
"[Microchip]材料変更26_04","Microchip_材料変更2604","変換"
"[Microchip]製造拠点変更25_11","Microchip_製造拠点変更2511","変換"
"[Microchip]製造拠点変更25_11_ALAN-16SLVL366","Microchip_製造拠点変更2511_ALAN-16SLVL366","変換"
"[Microchip]前工程工場新規認定25_07","Microchip_前工程工場新規認定2507","変換"
"[Microchip]前工程工場新規認定25_11","Microchip_前工程工場新規認定2511","変換"
"[Microchip]前工程工場新規認定25_11ALAN-16SLVL366","Microchip_前工程工場新規認定2511ALAN-16SLVL366","変換"
"[Micron]価格改定25_05","Micron_価格改定2505","変換"
"[Micron]後工程工場追加25_01_34947","Micron_後工程工場追加2501_34947","変換"
"[Micron]工場追加25_12","Micron_工場追加2512","変換"
"[Micron]工場変更27_03","Micron_工場変更2703","変換"
"[Micron]製造中止26_08","Micron_製造中止2608","変換"
"[Micron]製造中止26_08_36228","Micron_製造中止2608_36228","変換"
"[Micron]組み立て工場追加25_01","Micron_組み立て工場追加2501","変換"
"[Molex]価格改定25_07","Molex_価格改定2507","変換"
"[MOLEX]価格改定25_12_IDEX","MOLEX_価格改定2512_IDEX","変換"
"[Molex]価格改定26_04_IDEX","Molex_価格改定2604_IDEX","変換"
"[NECプラットフォームズ]製造中止26_09","NECプラットフォームズ_製造中止2609","変換"
"[Nexperia]後工程工場追加25_03","Nexperia_後工程工場追加2503","変換"
"[NIDEC]価格改定26_03","NIDEC_価格改定2603","変換"
"[NIDEC]価格改定26_04","NIDEC_価格改定2604","変換"
"[NKKスイッチズ]接着剤変更25_09","NKKスイッチズ_接着剤変更2509","変換"
"[NXP]MEMS製品事業移管26_04","NXP_MEMS製品事業移管2604","変換"
"[NXP]エラッタシート更新25_10","NXP_エラッタシート更新2510","変換"
"[NXP]ラベル表示変更25_08","NXP_ラベル表示変更2508","変換"
"[NXP]ロゴ変更25_02_202502001G","NXP_ロゴ変更2502_202502001G","変換"
"[NXP]後工程工場追加26_03","NXP_後工程工場追加2603","変換"
"[NXP]製造工程_材料変更25_09","NXP_製造工程_材料変更2509","変換"
"[NXP]製造中止26_04","NXP_製造中止2604","変換"
"[O2マイクロ]ボンディンワイヤ材変更25_12","O2マイクロ_ボンディンワイヤ材変更2512","変換"
"[OMRON]価格改定26_02","OMRON_価格改定2602","変換"
"[Onsemi]モールドコンパウンド材追加25_01_FPCN25897X","Onsemi_モールドコンパウンド材追加2501_FPCN25897X","変換"
"[Panasonic]ECQUシリーズ製造中止25_03","Panasonic_ECQUシリーズ製造中止2503","変換"
"[Panasonic]カバーテープ貼付け方法変更25_10","Panasonic_カバーテープ貼付け方法変更2510","変換"
"[Panasonic]規格(VDE)ファイルNo変更25_04","Panasonic_規格(VDE)ファイルNo変更2504","変換"
"[Panasonic]最小発注単位変更25_10","Panasonic_最小発注単位変更2510","変換"
"[Panasonic]製造中止25_09","Panasonic_製造中止2509","変換"
"[Panasonic]製造中止26_03","Panasonic_製造中止2603","変換"
"[Panasonic]製造中止26_09","Panasonic_製造中止2609","変換"
"[Panduit]価格改定25_05","Panduit_価格改定2505","変換"
"[Panduit]価格改定25_10","Panduit_価格改定2510","変換"
"[Panduit]価格改定26_04","Panduit_価格改定2604","変換"
"[Renesas]インナーラベル記載変更26_02","Renesas_インナーラベル記載変更2602","変換"
"[Renesas]インナーラベル記載変更26_02_GTP-14126","Renesas_インナーラベル記載変更2602_GTP-14126","変換"
"[Renesas]ウエハー製造プロセス変更26_01_GTP-14039","Renesas_ウエハー製造プロセス変更2601_GTP-14039","変換"
"[Renesas]ダイアタッチ材変更25_03_EP1OP-AB-24-0054-1","Renesas_ダイアタッチ材変更2503_EP1OP-AB-24-0054-1","変換"
"[Renesas]ダイアタッチ材変更25_05","Renesas_ダイアタッチ材変更2505","変換"
"[Renesas]リードフレーム材追加25_04_EP1OP-AB-24-0056-1","Renesas_リードフレーム材追加2504_EP1OP-AB-24-0056-1","変換"
"[Renesas]価格改定_代替提案25_07","Renesas_価格改定_代替提案2507","変換"
"[Renesas]梱包形態変更25_01_PC-MCU-A032AJ","Renesas_梱包形態変更2501_PC-MCU-A032AJ","変換"
"[Renesas]製造中止25_06_SAF-B-25-0001","Renesas_製造中止2506_SAF-B-25-0001","変換"
"[Renesas]製造中止25_08_SAF-B-24-0033","Renesas_製造中止2508_SAF-B-24-0033","変換"
"[Renesas]製造中止26_03_250012-02","Renesas_製造中止2603_250012-02","変換"
"[Renesas]製造中止26_05_PLC25032","Renesas_製造中止2605_PLC25032","変換"
"[Renesas]前工程工場追加26_02_EPPO2-EX-25-0074","Renesas_前工程工場追加2602_EPPO2-EX-25-0074","変換"
"[SEMITEC]価格改定25_04","SEMITEC_価格改定2504","変換"
"[SEMITEC]電極_絶縁体変更26_05","SEMITEC_電極_絶縁体変更2605","変換"
"[SEMITEC]防止剤化合物変更25_02","SEMITEC_防止剤化合物変更2502","変換"
"[SMK]製造中止25_01","SMK_製造中止2501","変換"
"[TDK]コイル生産拠点追加25_05","TDK_コイル生産拠点追加2505","変換"
"[TDK]フェライトシールド巻線インダクタ製造中止26_03","TDK_フェライトシールド巻線インダクタ製造中止2603","変換"
"[TDK]試験成績書添付廃止25_04","TDK_試験成績書添付廃止2504","変換"
"[TDK]生産ラインの自動化25_01","TDK_生産ラインの自動化2501","変換"
"[TDK]製造中止25_12","TDK_製造中止2512","変換"
"[TDK]製造中止26_03","TDK_製造中止2603","変換"
"[TDK]製品ロゴ変更26_04","TDK_製品ロゴ変更2604","変換"
"[TDKラムダ]会社名変更25_04","TDKラムダ_会社名変更2504","変換"
"[TDKラムダ]代替部品採用検討26_01","TDKラムダ_代替部品採用検討2601","変換"
"[TDKラムダ]銘板表示変更26_03","TDKラムダ_銘板表示変更2603","変換"
"[TE]価格改定26_03IDEX","TE_価格改定2603IDEX","変換"
"[Tianma]製造中止24_09_25_09","Tianma_製造中止2409_25_09","変換"
"[VISHAY]マーク追加25_06","VISHAY_マーク追加2506","変換"
"[VISHAY]価格改定25_03","VISHAY_価格改定2503","変換"
"[アガツマ]価格改定25_09","アガツマ_価格改定2509","変換"
"[アクセス]価格改定25_06","アクセス_価格改定2506","変換"
"[アクセス]価格改定26_02","アクセス_価格改定2602","変換"
"[アサヒ通信]価格改定25_07","アサヒ通信_価格改定2507","変換"
"[アメリカ_ツウ_ジャパン]価格改定26_02","アメリカ_ツウ_ジャパン_価格改定2602","変換"
"[アルプスアルパイン]サプライヤー変更25_10","アルプスアルパイン_サプライヤー変更2510","変換"
"[アルプスアルパイン]めっき工程使用薬品変更25_03","アルプスアルパイン_めっき工程使用薬品変更2503","変換"
"[アルプスアルパイン]めっき工程使用薬品変更25_07","アルプスアルパイン_めっき工程使用薬品変更2507","変換"
"[イサハヤ電子]接合材変更26_07","イサハヤ電子_接合材変更2607","変換"
"[イサハヤ電子]銅フレーム母材変更25_01","イサハヤ電子_銅フレーム母材変更2501","変換"
"[ウィルコ]価格改定25_01","ウィルコ_価格改定2501","変換"
"[ウィルコ]価格改定25_12","ウィルコ_価格改定2512","変換"
"[ウエノ]為替適用時期変更24_10","ウエノ_為替適用時期変更2410","変換"
"[ウシオ電機]製造中止25_04","ウシオ電機_製造中止2504","変換"
"[ウッド_メーク]価格改定25_04","ウッド_メーク_価格改定2504","変換"
"[エコー電子]CCCの刻印変更25_07","エコー電子_CCCの刻印変更2507","変換"
"[エコー電子]価格改定25_07","エコー電子_価格改定2507","変換"
"[エムデン]製造中止28_09","エムデン_製造中止2809","変換"
"[オイレス工業]価格改定25_09","オイレス工業_価格改定2509","変換"
"[オータックス]工場移転25_02","オータックス_工場移転2502","変換"
"[オクロフ]価格改定25_08","オクロフ_価格改定2508","変換"
"[オムロン]Roマーク表示終了25_10","オムロン_Roマーク表示終了2510","変換"
"[オムロン]製造中止26_03","オムロン_製造中止2603","変換"
"[オムロン]設計変更26_06","オムロン_設計変更2606","変換"
"[キョウデン]価格改定25_12","キョウデン_価格改定2512","変換"
"[キングジム]テプラ価格改定25_05","キングジム_テプラ価格改定2505","変換"
"[コーセル]製造中止25_10","コーセル_製造中止2510","変換"
"[コーセル]製造中止26_04","コーセル_製造中止2604","変換"
"[コーセル]製造中止26_10","コーセル_製造中止2610","変換"
"[コーセル]表示変更26_04","コーセル_表示変更2604","変換"
"[コーセル]放熱シート追加26_07","コーセル_放熱シート追加2607","変換"
"[サクサテクノ]価格改定25_03","サクサテクノ_価格改定2503","変換"
"[サクサテクノ]価格改定25_05","サクサテクノ_価格改定2505","変換"
"[サクサテクノ]価格改定25_09","サクサテクノ_価格改定2509","変換"
"[サクサテクノ]成形機変更25_05","サクサテクノ_成形機変更2505","変換"
"[サクサテクノ]成形機変更25_06","サクサテクノ_成形機変更2506","変換"
"[サクサテクノ]成形機変更25_10","サクサテクノ_成形機変更2510","変換"
"[サクサテクノ]成形機変更26_03","サクサテクノ_成形機変更2603","変換"
"[サトー]価格改定_運送料25_05","サトー_価格改定_運送料2505","変換"
"[サンケン電気]生産拠点変更25_01","サンケン電気_生産拠点変更2501","変換"
"[サンミューロン]価格改定26_04","サンミューロン_価格改定2604","変換"
"[サンワテクノス]材料変更26_01","サンワテクノス_材料変更2601","変換"
"[シャープ]梱包表示方法変更25_01","シャープ_梱包表示方法変更2501","変換"
"[シャープ]樹脂変更25_12","シャープ_樹脂変更2512","変換"
"[シライ電子工業]価格改定25_07","シライ電子工業_価格改定2507","変換"
"[シライ電子工業]価格改定26_04","シライ電子工業_価格改定2604","変換"
"[ステップテクニカ]製造中止25_11","ステップテクニカ_製造中止2511","変換"
"[セイコーエプソン]製造中止26_04","セイコーエプソン_製造中止2604","変換"
"[セムテック]製品トレイのサプライヤー変更25_12","セムテック_製品トレイのサプライヤー変更2512","変換"
"[タイコエレクトロニクス]価格改定25_07","タイコエレクトロニクス_価格改定2507","変換"
"[タカチホ]価格改定25_01","タカチホ_価格改定2501","変換"
"[タカチ電機]価格改定25_05","タカチ電機_価格改定2505","変換"
"[トーキン]コイル端子材料調達先追加25_10","トーキン_コイル端子材料調達先追加2510","変換"
"[ニチコン]材料変更26_06","ニチコン_材料変更2606","変換"
"[ニチコン]製造中止25_05","ニチコン_製造中止2505","変換"
"[ニチコン]封口ゴムSVHC対応26_06","ニチコン_封口ゴムSVHC対応2606","変換"
"[ニデックコンポーネンツ]表示文字フォント変更26_01","ニデックコンポーネンツ_表示文字フォント変更2601","変換"
"[ニプロン]梱包袋廃止25_06","ニプロン_梱包袋廃止2506","変換"
"[パイオニクス]リール袋変更25_01","パイオニクス_リール袋変更2501","変換"
"[パトライト]端子台事業譲渡25_08","パトライト_端子台事業譲渡2508","変換"
"[パトライト]端子台事業譲渡25_10","パトライト_端子台事業譲渡2510","変換"
"[パンドウイット]パッケージデザイン変更25_07","パンドウイット_パッケージデザイン変更2507","変換"
"[ヒロセ電機]金型外観変更25_08","ヒロセ電機_金型外観変更2508","変換"
"[ヒロセ電機]仕様変更に伴う型番変更26_08_PCN2025-07","ヒロセ電機_仕様変更に伴う型番変更2608_PCN2025-07","変換"
"[ヒロセ電機]樹脂材料の色変更25_10","ヒロセ電機_樹脂材料の色変更2510","変換"
"[ヒロセ電機]生産場所追加25_12_IDPCN2025120401","ヒロセ電機_生産場所追加2512_IDPCN2025120401","変換"
"[ヒロセ電機]生産場所追加26_04","ヒロセ電機_生産場所追加2604","変換"
"[ヒロセ電機]製造中止25_11","ヒロセ電機_製造中止2511","変換"
"[ヒロセ電機]製造中止25_11_PCN2023-15","ヒロセ電機_製造中止2511_PCN2023-15","変換"
"[ヒロセ電機]製造中止26_04","ヒロセ電機_製造中止2604","変換"
"[ヒロセ電機]製造中止27_10_PCN2025-14","ヒロセ電機_製造中止2710_PCN2025-14","変換"
"[ヒロセ電機]製品仕様変更26_07","ヒロセ電機_製品仕様変更2607","変換"
"[フジキン_鍋屋バイテック]価格改定25_11","フジキン_鍋屋バイテック_価格改定2511","変換"
"[フジクラ]圧力センサ製造拠点移管26_01","フジクラ_圧力センサ製造拠点移管2601","変換"
"[フジメカニック]価格改定25_04","フジメカニック_価格改定2504","変換"
"[フジメカニック]価格改定26_02","フジメカニック_価格改定2602","変換"
"[プリケン]価格改定26_02","プリケン_価格改定2602","変換"
"[プレジャー]価格改定25_01","プレジャー_価格改定2501","変換"
"[マルシン無線]価格改定25_06","マルシン無線_価格改定2506","変換"
"[マル信無線]品番末尾表記廃止25_11","マル信無線_品番末尾表記廃止2511","変換"
"[ミスミ]価格改定25_02","ミスミ_価格改定2502","変換"
"[モリヨシ技研]価格改定26_02","モリヨシ技研_価格改定2602","変換"
"[ライトロン]価格改定26_04","ライトロン_価格改定2604","変換"
"[ラピスセミコンダクタ]製造中止25_09","ラピスセミコンダクタ_製造中止2509","変換"
"[リテルヒューズ]為替単価25_03","リテルヒューズ_為替単価2503","変換"
"[リテルヒューズ]価格改定25_03_登録のみ","リテルヒューズ_価格改定2503_登録のみ","変換"
"[リテルヒューズ]製造中止25_05","リテルヒューズ_製造中止2505","変換"
"[ロイヤルプレート]価格改定26_05","ロイヤルプレート_価格改定2605","変換"
"[ローム]パッケージ変更25_09","ローム_パッケージ変更2509","変換"
"[ローム]パワーダイオードパッケージ変更25_04","ローム_パワーダイオードパッケージ変更2504","変換"
"[ローム]価格改定25_01_2022年連絡漏れ2","ローム_価格改定2501_2022年連絡漏れ2","変換"
"[ローム]価格改定25_01_2022年連絡漏れ3","ローム_価格改定2501_2022年連絡漏れ3","変換"
"[ローム]京都工場追加25_03","ローム_京都工場追加2503","変換"
"[ローム]高温測定廃止25_07_4025001","ローム_高温測定廃止2507_4025001","変換"
"[ローム]小信号トランジスタパッケージ変更25_09","ローム_小信号トランジスタパッケージ変更2509","変換"
"[ローム]小信号トランジスタ-パッケージ変更25_09","ローム_小信号トランジスタ-パッケージ変更2509","変換"
"[ローム]生産棟移設25_03","ローム_生産棟移設2503","変換"
"[ローム]製造中止25_03","ローム_製造中止2503","変換"
"[ローム]製造中止26_03_1025006","ローム_製造中止2603_1025006","変換"
"[ローム]製造中止26_04_4825002","ローム_製造中止2604_4825002","変換"
"[ローム]銅ワイヤへの切り替え25_09","ローム_銅ワイヤへの切り替え2509","変換"
"[ローム]銅ワイヤへの切り替え26_10","ローム_銅ワイヤへの切り替え2610","変換"
"[永光電機]価格改定26_03","永光電機_価格改定2603","変換"
"[荻野電線]芯線材料変更25_04","荻野電線_芯線材料変更2504","変換"
"[笠原工業]価格改定25_07","笠原工業_価格改定2507","変換"
"[釜谷電機]製造中止26_03","釜谷電機_製造中止2603","変換"
"[技巧舎]成形品変更25_06","技巧舎_成形品変更2506","変換"
"[吉城光科学]価格改定26_02","吉城光科学_価格改定2602","変換"
"[吉城光科学]工場移転25_01","吉城光科学_工場移転2501","変換"
"[京セラ]ICドライバーEOL25_12","京セラ_ICドライバーEOL2512","変換"
"[京セラ]物流倉庫移転25_01","京セラ_物流倉庫移転2501","変換"
"[玉野板金工業]価格改定25_03","玉野板金工業_価格改定2503","変換"
"[五輪パッキング]製品保護_梱包材変更25_01","五輪パッキング_製品保護_梱包材変更2501","変換"
"[高橋電機]一時稼動停止25_03","高橋電機_一時稼動停止2503","変換"
"[三沢電線]価格改定25_03","三沢電線_価格改定2503","変換"
"[三沢電線]価格改定26_04","三沢電線_価格改定2604","変換"
"[住友電工]価格改定25_04","住友電工_価格改定2504","変換"
"[住友電工]価格改定25_06","住友電工_価格改定2506","変換"
"[小津産業]ダスパー価格改定25_04","小津産業_ダスパー価格改定2504","変換"
"[鐘通]EMCフィルタ安全規格更新26_04","鐘通_EMCフィルタ安全規格更新2604","変換"
"[新電元工業]めっき仕様変更26_06","新電元工業_めっき仕様変更2606","変換"
"[新電元工業]製造中止26_12","新電元工業_製造中止2612","変換"
"[森宮電機]両面テープ材料変更26_10","森宮電機_両面テープ材料変更2610","変換"
"[進工業]新社屋増設26_02","進工業_新社屋増設2602","変換"
"[川崎電線]価格改定25_03","川崎電線_価格改定2503","変換"
"[川崎電線]価格改定25_06","川崎電線_価格改定2506","変換"
"[倉茂電工]ロシア規格認証終了及び輸出不可24_11","倉茂電工_ロシア規格認証終了及び輸出不可2411","変換"
"[倉茂電工]価格改定25_07","倉茂電工_価格改定2507","変換"
"[村田製作所]PFAS使用廃止25_04","村田製作所_PFAS使用廃止2504","変換"
"[村田製作所]エンドテープ_リール変更26_01","村田製作所_エンドテープ_リール変更2601","変換"
"[村田製作所]原料変更25_08","村田製作所_原料変更2508","変換"
"[村田製作所]梱包材変更26_01","村田製作所_梱包材変更2601","変換"
"[村田製作所]新規採用停止28_03","村田製作所_新規採用停止2803","変換"
"[村田製作所]製造中止25_02","村田製作所_製造中止2502","変換"
"[村田製作所]製造中止26_02","村田製作所_製造中止2602","変換"
"[村田製作所]製造中止27_02","村田製作所_製造中止2702","変換"
"[村田製作所]製造中止27_03","村田製作所_製造中止2703","変換"
"[村田製作所]製造中止27_03_D08957-A-17602","村田製作所_製造中止2703_D08957-A-17602","変換"
"[村田製作所]製造中止28_03","村田製作所_製造中止2803","変換"
"[多治見無線電機]製造中止26_02","多治見無線電機_製造中止2602","変換"
"[太陽誘電]樹脂変更25_09","太陽誘電_樹脂変更2509","変換"
"[大井光機]価格改定26_02","大井光機_価格改定2602","変換"
"[大真空]製造中止27_07","大真空_製造中止2707","変換"
"[大東通信機]成形材料変更26_02","大東通信機_成形材料変更2602","変換"
"[大同端子]価格改定25_01","大同端子_価格改定2501","変換"
"[大同端子]価格改定25_03","大同端子_価格改定2503","変換"
"[第一電子工業]DDKブランド表記25_05","第一電子工業_DDKブランド表記2505","変換"
"[第一電子工業]吸収合併_社名変更25_05","第一電子工業_吸収合併_社名変更2505","変換"
"[第一電子工業]社名表示変更25_05","第一電子工業_社名表示変更2505","変換"
"[中京産商]価格改定25_04","中京産商_価格改定2504","変換"
"[東京通信機工業]価格改定25_08","東京通信機工業_価格改定2508","変換"
"[東京通信機工業]成形機変更25_05","東京通信機工業_成形機変更2505","変換"
"[東光電子]価格改定25_04","東光電子_価格改定2504","変換"
"[東芝]価格改定26_05IDEX","東芝_価格改定2605IDEX","変換"
"[東北物流]価格改定25_01","東北物流_価格改定2501","変換"
"[東北物流]価格改定25_04","東北物流_価格改定2504","変換"
"[東北物流]価格改定25_05","東北物流_価格改定2505","変換"
"[東北物流]価格改定25_10","東北物流_価格改定2510","変換"
"[東和デバイス]価格改定25_08","東和デバイス_価格改定2508","変換"
"[東和デバイス]価格改定26_01","東和デバイス_価格改定2601","変換"
"[日亜化学工業]テーピングリール変更25_09","日亜化学工業_テーピングリール変更2509","変換"
"[日星電気]価格改定26_02","日星電気_価格改定2602","変換"
"[日清紡]価格改定26_04","日清紡_価格改定2604","変換"
"[日清紡_新日本無線]包装用乾燥剤変更25_02","日清紡_新日本無線_包装用乾燥剤変更2502","変換"
"[日東電工]価格改定26_02","日東電工_価格改定2602","変換"
"[日東電工]材料変更26_04","日東電工_材料変更2604","変換"
"[日東電工]絶縁テープ添加剤変更25_08","日東電工_絶縁テープ添加剤変更2508","変換"
"[日本オートマチックマシン]色調変更25_03","日本オートマチックマシン_色調変更2503","変換"
"[日本ケミコン]価格改定25_02","日本ケミコン_価格改定2502","変換"
"[日本ケミコン]製造中止25_03","日本ケミコン_製造中止2503","変換"
"[日本コネクト]価格改定25_06","日本コネクト_価格改定2506","変換"
"[日本ジッパーチュービング]価格改定25_05","日本ジッパーチュービング_価格改定2505","変換"
"[日本モレックス]製造中止25_10","日本モレックス_製造中止2510","変換"
"[日本モレックス]製造中止25_12","日本モレックス_製造中止2512","変換"
"[日本圧着端子]MOQ変更25_05","日本圧着端子_MOQ変更2505","変換"
"[日本圧着端子]形番印字変更25_06","日本圧着端子_形番印字変更2506","変換"
"[日本圧着端子]樹脂及び樹脂部形状変更25_04","日本圧着端子_樹脂及び樹脂部形状変更2504","変換"
"[日本圧着端子]生産工場集約25_03","日本圧着端子_生産工場集約2503","変換"
"[日本圧着端子製造]PHコネクタ生産場所追加25_09","日本圧着端子製造_PHコネクタ生産場所追加2509","変換"
"[日本圧着端子製造]工場追加26_04","日本圧着端子製造_工場追加2604","変換"
"[日本圧着端子製造]樹脂_形状変更25_04","日本圧着端子製造_樹脂_形状変更2504","変換"
"[日本航空電子]LCP樹脂材料の変更26_08","日本航空電子_LCP樹脂材料の変更2608","変換"
"[日本電波工業]価格改定26_03","日本電波工業_価格改定2603","変換"
"[白井ポリマー]価格改定26_03","白井ポリマー_価格改定2603","変換"
"[浜松ホトニクス]価格改定26_03","浜松ホトニクス_価格改定2603","変換"
"[不二工業]価格改定25_06","不二工業_価格改定2506","変換"
"[富士端子工業]価格改定25_07","富士端子工業_価格改定2507","変換"
"[武蔵エンジニアリング]有償支給部材の価格改定25_02","武蔵エンジニアリング_有償支給部材の価格改定2502","変換"
"[平河ヒューテック]価格改定25_02","平河ヒューテック_価格改定2502","変換"
"[平河ヒューテック]価格改定25_05","平河ヒューテック_価格改定2505","変換"
"[北川工業]リードタイム変更25_04","北川工業_リードタイム変更2504","変換"
"[北川工業]価格改定25_01_改定時期保留","北川工業_価格改定2501_改定時期保留","変換"
"[北川工業]価格改定25_06","北川工業_価格改定2506","変換"
"[落合堂製作所]ワイヤーハーネス用ビニールテープ材料変更25_10","落合堂製作所_ワイヤーハーネス用ビニールテープ材料変更2510","変換"
"[落合堂製作所]価格改定26_01","落合堂製作所_価格改定2601","変換"
"[Analog Devices]データシート更新25_10_PCN 25_0067","Analog_Devices_データシート更新2510_PCN_25_0067","変換 + スペースをアンダースコアに置換"
"[Analog Devices]テスト工程追加25_0725_0100","Analog_Devices_テスト工程追加250725_0100","変換 + スペースをアンダースコアに置換"
"[Analog Devices]ボンドワイヤ変更25_05_PCN 25_0016","Analog_Devices_ボンドワイヤ変更2505_PCN_25_0016","変換 + スペースをアンダースコアに置換"
"[Analog Devices]ボンドワイヤ変更25_05PCN 25_0017","Analog_Devices_ボンドワイヤ変更2505PCN_25_0017","変換 + スペースをアンダースコアに置換"
"[Analog Devices]マーキング変更25_01","Analog_Devices_マーキング変更2501","変換 + スペースをアンダースコアに置換"
"[Analog Devices]マーキング変更25_01_24_0236","Analog_Devices_マーキング変更2501_24_0236","変換 + スペースをアンダースコアに置換"
"[Analog Devices]マーキング変更25_01_24_0246","Analog_Devices_マーキング変更2501_24_0246","変換 + スペースをアンダースコアに置換"
"[Analog Devices]印字レイアウト変更25_01_24_0246","Analog_Devices_印字レイアウト変更2501_24_0246","変換 + スペースをアンダースコアに置換"
"[Analog Devices]価格改定25_08","Analog_Devices_価格改定2508","変換 + スペースをアンダースコアに置換"
"[Analog Devices]価格改定25_11","Analog_Devices_価格改定2511","変換 + スペースをアンダースコアに置換"
"[Analog Devices]梱包形態変更26_02_260216PACKING","Analog_Devices_梱包形態変更2602_260216PACKING","変換 + スペースをアンダースコアに置換"
"[Analog Devices]前工程工場追加25_09_25_0091","Analog_Devices_前工程工場追加2509_25_0091","変換 + スペースをアンダースコアに置換"
"[Analog Devices]前工程工場追加26_01","Analog_Devices_前工程工場追加2601","変換 + スペースをアンダースコアに置換"
"[Analog Devices]前工程工場追加26_05_26_0028","Analog_Devices_前工程工場追加2605_26_0028","変換 + スペースをアンダースコアに置換"
"[Broadcom]材料変更(その他) ダイの変更25_04_PCN-288778","Broadcom_材料変更(その他)_ダイの変更2504_PCN-288778","変換 + スペースをアンダースコアに置換"
"[Microchip]材料変更25_09_PCN# 114582","Microchip_材料変更2509_PCN#_114582","変換 + スペースをアンダースコアに置換"
"[On Semiconductor]価格改定25_03","On_Semiconductor_価格改定2503","変換 + スペースをアンダースコアに置換"
"[Texas Instruments]EOL価格改定25_03","Texas_Instruments_EOL価格改定2503","変換 + スペースをアンダースコアに置換"
"[Texas Instruments]マーキング変更25_04","Texas_Instruments_マーキング変更2504","変換 + スペースをアンダースコアに置換"
"[Texas Instruments]価格改定25_06","Texas_Instruments_価格改定2506","変換 + スペースをアンダースコアに置換"
"[Texas Instruments]価格改定25_07","Texas_Instruments_価格改定2507","変換 + スペースをアンダースコアに置換"
"[Texas Instruments]価格改定26_03","Texas_Instruments_価格改定2603","変換 + スペースをアンダースコアに置換"
"[Texas Instruments]価格改定26_04_東京エレクトロン","Texas_Instruments_価格改定2604_東京エレクトロン","変換 + スペースをアンダースコアに置換"
"[Texas Instruments]後工程_テスト工程工場追加25_12_20250919000_1","Texas_Instruments_後工程_テスト工程工場追加2512_20250919000_1","変換 + スペースをアンダースコアに置換"
"[Texas Instruments]後工程_テスト工程工場追加25_12_20250922000_1","Texas_Instruments_後工程_テスト工程工場追加2512_20250922000_1","変換 + スペースをアンダースコアに置換"
"[Texas Instruments]後工程_テスト工程工場追加26_02_20251111000_1","Texas_Instruments_後工程_テスト工程工場追加2602_20251111000_1","変換 + スペースをアンダースコアに置換"
"[Texas Instruments]後工程_テスト工程工場追加26_02_20251126000_1","Texas_Instruments_後工程_テスト工程工場追加2602_20251126000_1","変換 + スペースをアンダースコアに置換"
"[Texas Instruments]後工程工場追加25_05_20250528000_1","Texas_Instruments_後工程工場追加2505_20250528000_1","変換 + スペースをアンダースコアに置換"
"[Texas Instruments]後工程工場追加25_08_20250508000_1","Texas_Instruments_後工程工場追加2508_20250508000_1","変換 + スペースをアンダースコアに置換"
"[Texas Instruments]後工程工場追加25_08_20250508000_1A","Texas_Instruments_後工程工場追加2508_20250508000_1A","変換 + スペースをアンダースコアに置換"
"[Texas Instruments]後工程工場追加25_08_20250519001_1","Texas_Instruments_後工程工場追加2508_20250519001_1","変換 + スペースをアンダースコアに置換"
"[Texas Instruments]後工程工場追加26_03_20251218002_1","Texas_Instruments_後工程工場追加2603_20251218002_1","変換 + スペースをアンダースコアに置換"
"[Texas Instruments]後工程工場追加26_03_20251218005_1","Texas_Instruments_後工程工場追加2603_20251218005_1","変換 + スペースをアンダースコアに置換"
"[Texas Instruments]後工程工場追加26_04_20260129000_1","Texas_Instruments_後工程工場追加2604_20260129000_1","変換 + スペースをアンダースコアに置換"
"[Texas Instruments]後工程工場追加26_05_20260202000_1","Texas_Instruments_後工程工場追加2605_20260202000_1","変換 + スペースをアンダースコアに置換"
"[Texas Instruments]前工程工場追加25_02_20241119006_1","Texas_Instruments_前工程工場追加2502_20241119006_1","変換 + スペースをアンダースコアに置換"
"[Texas Instruments]前工程工場追加25_09_20250618005_1","Texas_Instruments_前工程工場追加2509_20250618005_1","変換 + スペースをアンダースコアに置換"
"[Texas Instruments]前工程工場追加25_10_20250709002_1","Texas_Instruments_前工程工場追加2510_20250709002_1","変換 + スペースをアンダースコアに置換"
"[Texas Instruments]前工程工場追加26_02_20251104000_1","Texas_Instruments_前工程工場追加2602_20251104000_1","変換 + スペースをアンダースコアに置換"
"[Texas Instruments]電気的特性変更25_03_20250316005_0_A","Texas_Instruments_電気的特性変更2503_20250316005_0_A","変換 + スペースをアンダースコアに置換"
"[Texas Instruments]電気的特性変更25_03_20250327004_0","Texas_Instruments_電気的特性変更2503_20250327004_0","変換 + スペースをアンダースコアに置換"
"[太陽誘電]パワーインダクタ生産_販売終息 25_03","太陽誘電_パワーインダクタ生産_販売終息_2503","変換 + スペースをアンダースコアに置換"
"[KEL]コンタクト,固定金具メッキ変更25_07","KEL_コンタクト_固定金具メッキ変更2507","変換 + 命名ガイドライン違反を修正"
"[Pulse]ﾌﾟﾗｽﾁｯｸ材料変更26_06_PCN-100000760","Pulse_プラスチック材料変更2606_PCN-100000760","変換 + 命名ガイドライン違反を修正"
"[TDKﾗﾑﾀ]代替部品採用26_02","TDKラムタ_代替部品採用2602","変換 + 命名ガイドライン違反を修正"
"[ﾆﾃﾞｯｸｱﾄﾞﾊﾞﾝｽ]ネオジムマグネット対象品追加25_10","ニデックアドバンス_ネオジムマグネット対象品追加2510","変換 + 命名ガイドライン違反を修正"
"[パナソニック]フィルムコンデンサ終息ECWUｼﾘｰｽﾞFROM千代田電子25_09","パナソニック_フィルムコンデンサ終息ECWUシリーズFROM千代田電子2509","変換 + 命名ガイドライン違反を修正"
"[モリトジャパン㈱]製造中止25_06","モリトジャパン(株)_製造中止2506","変換 + 命名ガイドライン違反を修正"
"[鐘通]武蔵ｴﾝｼﾞﾆｱﾘﾝｸﾞ向け価格改定25_06","鐘通_武蔵エンジニアリング向け価格改定2506","変換 + 命名ガイドライン違反を修正"
"[日清紡,新日本無線]樹脂変更25_05","日清紡_新日本無線_樹脂変更2505","変換 + 命名ガイドライン違反を修正"
"[平河ヒューテック㈱]製造中止25_12","平河ヒューテック(株)_製造中止2512","変換 + 命名ガイドライン違反を修正"
"[Texas Instruments]DieRevision変更26_01_20251022002.1","Texas_Instruments_DieRevision変更2601_20251022002-1","変換 + 命名ガイドライン違反を修正 + スペースをアンダースコアに置換"
"[Texas Instruments]DieRevision変更26_03_20251104000.1A","Texas_Instruments_DieRevision変更2603_20251104000-1A","変換 + 命名ガイドライン違反を修正 + スペースをアンダースコアに置換"
"[Texas Instruments]ウェハー製造プロセス変更26_06_20260331002.1","Texas_Instruments_ウェハー製造プロセス変更2606_20260331002-1","変換 + 命名ガイドライン違反を修正 + スペースをアンダースコアに置換"
"[Texas Instruments]ダイアタッチ材追加_変更25_04_20250124001.1","Texas_Instruments_ダイアタッチ材追加_変更2504_20250124001-1","変換 + 命名ガイドライン違反を修正 + スペースをアンダースコアに置換"
"[Texas Instruments]ダイアタッチ材追加_変更25_09_20250630001.1","Texas_Instruments_ダイアタッチ材追加_変更2509_20250630001-1","変換 + 命名ガイドライン違反を修正 + スペースをアンダースコアに置換"
"[Texas Instruments]データシート更新25_12_20251210002.0","Texas_Instruments_データシート更新2512_20251210002-0","変換 + 命名ガイドライン違反を修正 + スペースをアンダースコアに置換"
"[Texas Instruments]データシート更新26_03_20260325001.0","Texas_Instruments_データシート更新2603_20260325001-0","変換 + 命名ガイドライン違反を修正 + スペースをアンダースコアに置換"
"[Texas Instruments]ボンディングワイヤー材追加25_11_20250819001.1","Texas_Instruments_ボンディングワイヤー材追加2511_20250819001-1","変換 + 命名ガイドライン違反を修正 + スペースをアンダースコアに置換"
"[Texas Instruments]ボンディングワイヤー材変更25_05_20260223009.1","Texas_Instruments_ボンディングワイヤー材変更2505_20260223009-1","変換 + 命名ガイドライン違反を修正 + スペースをアンダースコアに置換"
"[Texas Instruments]外部端子めっき材質変更26_01_20251014000_1,20251014000_1A","Texas_Instruments_外部端子めっき材質変更2601_20251014000_1_20251014000_1A","変換 + 命名ガイドライン違反を修正 + スペースをアンダースコアに置換"
"[三共社(Xilinx, Linear Tec)]ドル連動単価25_04","三共社(Xilinx_Linear_Tec)_ドル連動単価2504","変換 + 命名ガイドライン違反を修正 + スペースをアンダースコアに置換"
"[東北物流]価格改定26_04","東北物流_価格改定2604_旧","変換（重複回避のため別名）"
"[JAE八紘]価格改定25.06","JAE八紘_価格改定2506","変換（表記ゆれを補正）"
"[JST]樹脂材料_形状変更25.04","JST_樹脂材料_形状変更2504","変換（表記ゆれを補正）"
"[Renesas}製造中止25_12_SAF-B-25-0003","Renesas_製造中止2512_SAF-B-25-0003","変換（表記ゆれを補正）"
"[TDK]ACM4520生産拠点_材料仕入先変更25_01","TDK_ACM4520生産拠点_材料仕入先変更2501","変換（表記ゆれを補正）"
"[Xilinx_マーキング変更25_10","Xilinx_マーキング変更2510","変換（表記ゆれを補正）"
"[ローム]製造中止27_9","ローム_製造中止2709","変換（表記ゆれを補正）"
"[潤工社]価格改定25_1","潤工社_価格改定2501","変換（表記ゆれを補正）"
"[竹内工業]チューブ仕様変更2511","竹内工業_チューブ仕様変更2511","変換（表記ゆれを補正）"
"[JSP]緩衝材ｷｬﾌﾟﾛﾝ価格改定25.05","JSP_緩衝材キャプロン価格改定2505","変換（表記ゆれを補正） + 命名ガイドライン違反を修正"
"[神戸化成]価格改定26-6-04","[神戸化成]価格改定26-6-04","保留（ハイフン区切りで日付表記が特殊なため保留）"
"[ルネサス]出荷時の内装ラベル変更_022122801","[ルネサス]出荷時の内装ラベル変更_022122801","保留（日付らしき部分が読み取れないため保留）"
"[STﾏｲｸﾛ]捺印変更 from 三信電気","[STﾏｲｸﾛ]捺印変更 from 三信電気","保留（日付情報がフォルダ名に無いため保留）"
"[ユタカメイク]価格改定2025_0926","[ユタカメイク]価格改定2025_0926","保留（年月日の桁数が通常と異なるため保留）"
