DKUBU,TID,EDATE
Mod,62462,2026/5/31
Mod,67716,2026/5/31
Mod,116097,2026/5/31
Mod,86264,2026/5/31
Mod,97700,2026/5/31
Mod,26245,2026/5/31
Mod,20605,2026/5/31
Mod,81317,2026/5/31
Mod,29414,2026/5/31
Mod,33875,2026/5/31
Mod,84732,2026/5/31
Mod,74406,2026/5/31
Mod,40490,2026/5/31
Mod,107778,2026/5/31
Mod,93240,2026/5/31
Mod,15130,2026/5/31
Mod,57063,2026/5/31
Mod,20794,2026/5/31
Mod,16312,2026/5/31
Mod,75570,2026/5/31
Mod,32440,2026/5/31
Mod,55718,2026/5/31
Mod,120565,2026/5/31
Mod,114766,2026/5/31
Mod,99169,2026/5/31
Mod,59657,2026/5/31
Mod,99729,2026/5/31
Mod,97686,2026/5/31
Mod,27022,2026/5/31
Mod,60755,2026/5/31
Mod,72494,2026/5/31
Mod,107430,2026/5/31
Mod,52814,2026/5/31
Mod,86657,46173
Mod,15278,46173
Mod,122489,46173
Mod,38144,46173
Mod,28398,46173
Mod,40537,46173
Mod,83778,46173
Mod,87767,46173
Mod,30685,46173
Mod,82981,46173
Mod,49368,46173
Mod,72606,46173
Mod,55598,46173
Mod,47212,46173
Mod,70638,46173
Mod,28040,46173
Mod,14373,46173
Mod,43822,46173
Mod,63200,46173
Mod,50396,46173
Mod,64274,46173
Mod,28883,46173
Mod,70498,46173
Mod,59779,46173
Mod,25977,46173
Mod,51977,46173
Mod,24241,46173
Mod,124671,46173
Mod,20518,46173
Mod,74420,46173
Mod,75849,46173
Mod,114583,46173
Mod,34919,46173
Mod,75222,46173
Mod,68922,46173
Mod,62476,46173
Mod,94438,46173
Mod,90502,46173
Mod,64953,46173
Mod,65677,46173
Mod,105972,46173
Mod,52886,46173
Mod,58166,46173
Mod,43005,46173
Mod,105874,46173
Mod,33663,46173
Mod,69641,46173
Mod,51609,46173
Mod,85342,46173
Mod,24048,46173
Mod,118586,46173
Mod,37044,46173
Mod,81401,46173
Mod,69403,46173
Mod,87736,46173
Mod,46844,46173
Mod,60420,46173
Mod,88715,46173
Mod,79386,46173
Mod,68966,46173
Mod,84362,46173
Mod,25558,46173
Mod,30847,46173
Mod,89463,46173
Mod,31060,46173
Mod,28543,46173
Mod,56107,46173
Mod,15420,46173
Mod,21770,46173
Mod,120235,46173
Mod,78193,46173
Mod,72343,46173
Mod,94954,46173
Mod,86873,46173
Mod,124110,46173
Mod,87654,46173
Mod,27499,46173
Mod,87862,46173
Mod,70611,46173
Mod,32935,46173
Mod,113578,46173
Mod,85929,46173
Mod,107388,46173
Mod,113427,46173
Mod,121907,46173
Mod,25687,46173
Mod,57379,46173
Mod,93410,46173
Mod,120422,46173
Mod,48957,46173
Mod,18989,46173
Mod,92659,46173
Mod,31463,46173
Mod,113805,46173
Mod,78983,46173
Mod,21188,46173
Mod,57842,46173
Mod,60542,46173
Mod,51357,46173
Mod,115982,46173
Mod,50247,46173
Mod,85833,46173
Mod,104715,46173
Mod,32727,46173
Mod,17095,46173
Mod,80265,46173
Mod,22389,46173
Mod,112461,46173
Mod,24235,46173
Mod,119643,46173
Mod,64968,46173
Mod,29051,46173
Mod,95348,46173
Mod,121871,46173
Mod,115504,46173
Mod,50225,46173
Mod,66281,46173
Mod,86287,46173
Mod,33929,46173
Mod,41750,46173
Mod,36632,46173
Mod,72856,46173
