DKUBU,TID,CODE,VCODE,VENDOR,WCODE,MAKERNAME,TDATE,EDATE,TVOL,TEMA,SPRICE,PRICE,TAXRATE,TAXKUBU,SOUKINGAKU,SOUSUUIN,APRICE,HOKAN,NOTE,SYSNOTE,INPUTDATE,INPUTUSER,KARIKBN,MITSUMORINO,PCAPA,TANI3,IKOUFLAG
New,,PA10227,,1000128,,東北物流株式会社,2026/6/1,99/99/99,100,,40.00 ,40.00 ,,,,,,,,,,,,2026062401,,,
New,,PA10249,,1000128,,東北物流株式会社,2026/6/1,99/99/99,100,,59.00 ,59.00 ,,,,,,,,,,,,2026062401,,,
New,,PA10524,,1000128,,東北物流株式会社,2026/6/1,99/99/99,100,,37.00 ,37.00 ,,,,,,,,,,,,2026062401,,,
New,,PA10527,,1000128,,東北物流株式会社,2026/6/1,99/99/99,100,,28.00 ,28.00 ,,,,,,,,,,,,2026062401,,,
New,,PA10630,,1000128,,東北物流株式会社,2026/6/1,99/99/99,10,,708.00 ,708.00 ,,,,,,,,,,,,2026062401,,,
New,,PA10630,,1000128,,東北物流株式会社,2026/6/1,99/99/99,100,,167.00 ,167.00 ,,,,,,,,,,,,2026062401,,,
New,,PA10631,,1000128,,東北物流株式会社,2026/6/1,99/99/99,40,,70.00 ,70.00 ,,,,,,,,,,,,2026062401,,,
New,,PA10631,,1000128,,東北物流株式会社,2026/6/1,99/99/99,100,,27.00 ,27.00 ,,,,,,,,,,,,2026062401,,,
New,,PA10632,,1000128,,東北物流株式会社,2026/6/1,99/99/99,40,,212.00 ,212.00 ,,,,,,,,,,,,2026062401,,,
New,,PA10632,,1000128,,東北物流株式会社,2026/6/1,99/99/99,100,,71.00 ,71.00 ,,,,,,,,,,,,2026062401,,,
New,,PA10649,,1000128,,東北物流株式会社,2026/6/1,99/99/99,100,,46.00 ,46.00 ,,,,,,,,,,,,2026062401,,,
New,,PA10709,,1000128,,東北物流株式会社,2026/6/1,99/99/99,100,,215.00 ,215.00 ,,,,,,,,,,,,2026062401,,,
New,,PA10734,,1000128,,東北物流株式会社,2026/6/1,99/99/99,10,,"1,038.00 ","1,038.00 ",,,,,,,,,,,,2026062401,,,
New,,PA10734,,1000128,,東北物流株式会社,2026/6/1,99/99/99,100,,342.00 ,342.00 ,,,,,,,,,,,,2026062401,,,
New,,PA10736,,1000128,,東北物流株式会社,2026/6/1,99/99/99,10,,209.00 ,209.00 ,,,,,,,,,,,,2026062401,,,
New,,PA10736,,1000128,,東北物流株式会社,2026/6/1,99/99/99,100,,37.00 ,37.00 ,,,,,,,,,,,,2026062401,,,
New,,PA10738,,1000128,,東北物流株式会社,2026/6/1,99/99/99,50,,19.00 ,19.00 ,,,,,,,,,,,,2026062401,,,
New,,PA10756,,1000128,,東北物流株式会社,2026/6/1,99/99/99,10,,765.00 ,765.00 ,,,,,,,,,,,,2026062401,,,
New,,PA10756,,1000128,,東北物流株式会社,2026/6/1,99/99/99,50,,254.00 ,254.00 ,,,,,,,,,,,,2026062401,,,
New,,PA10778,,1000128,,東北物流株式会社,2026/6/1,99/99/99,30,,283.00 ,283.00 ,,,,,,,,,,,,2026062401,,,
New,,PA10778,,1000128,,東北物流株式会社,2026/6/1,99/99/99,100,,323.00 ,323.00 ,,,,,,,,,,,,2026062401,,,
New,,PA10782,,1000128,,東北物流株式会社,2026/6/1,99/99/99,50.00,,375.00 ,375.00 ,,,,,,,,,,,,2026062401,,,
New,,PA10782,,1000128,,東北物流株式会社,2026/6/1,99/99/99,100.00,,351.00 ,351.00 ,,,,,,,,,,,,2026062401,,,
New,,PA10785,,1000128,,東北物流株式会社,2026/6/1,99/99/99,100.00,,351.00 ,351.00 ,,,,,,,,,,,,2026062401,,,
New,,PA10787,,1000128,,東北物流株式会社,2026/6/1,99/99/99,50.00,,320.00 ,320.00 ,,,,,,,,,,,,2026062401,,,
New,,PA10787,,1000128,,東北物流株式会社,2026/6/1,99/99/99,100.00,,261.00 ,261.00 ,,,,,,,,,,,,2026062401,,,
New,,PA10837,,1000128,,東北物流株式会社,2026/6/1,99/99/99,100.00,,181.00 ,181.00 ,,,,,,,,,,,,2026062401,,,
New,,PA10862,,1000128,,東北物流株式会社,2026/6/1,99/99/99,30.00,,570.00 ,570.00 ,,,,,,,,,,,,2026062401,,,
New,,PA10862,,1000128,,東北物流株式会社,2026/6/1,99/99/99,100.00,,231.00 ,231.00 ,,,,,,,,,,,,2026062401,,,
New,,PA10879,,1000128,,東北物流株式会社,2026/6/1,99/99/99,100.00,,260.00 ,260.00 ,,,,,,,,,,,,2026062401,,,
New,,PA10888,,1000128,,東北物流株式会社,2026/6/1,99/99/99,40.00,,164.00 ,164.00 ,,,,,,,,,,,,2026062401,,,
New,,PA10888,,1000128,,東北物流株式会社,2026/6/1,99/99/99,100.00,,37.00 ,37.00 ,,,,,,,,,,,,2026062401,,,
New,,PA10908,,1000128,,東北物流株式会社,2026/6/1,99/99/99,100.00,,64.00 ,64.00 ,,,,,,,,,,,,2026062401,,,
New,,PA10909,,1000128,,東北物流株式会社,2026/6/1,99/99/99,100.00,,34.00 ,34.00 ,,,,,,,,,,,,2026062401,,,
New,,PA10910,,1000128,,東北物流株式会社,2026/6/1,99/99/99,100.00,,52.00 ,52.00 ,,,,,,,,,,,,2026062401,,,
New,,PA10911,,1000128,,東北物流株式会社,2026/6/1,99/99/99,100.00,,82.00 ,82.00 ,,,,,,,,,,,,2026062401,,,
New,,PA10912,,1000128,,東北物流株式会社,2026/6/1,99/99/99,100.00,,52.00 ,52.00 ,,,,,,,,,,,,2026062401,,,
New,,PA10913,,1000128,,東北物流株式会社,2026/6/1,99/99/99,50.00,,254.00 ,254.00 ,,,,,,,,,,,,2026062401,,,
New,,PA10913,,1000128,,東北物流株式会社,2026/6/1,99/99/99,100.00,,38.00 ,38.00 ,,,,,,,,,,,,2026062401,,,
New,,PA10920,,1000128,,東北物流株式会社,2026/6/1,99/99/99,30.00,,479.00 ,479.00 ,,,,,,,,,,,,2026062401,,,
New,,PA10920,,1000128,,東北物流株式会社,2026/6/1,99/99/99,100.00,,112.00 ,112.00 ,,,,,,,,,,,,2026062401,,,
New,,PA10921,,1000128,,東北物流株式会社,2026/6/1,99/99/99,60.00,,257.00 ,257.00 ,,,,,,,,,,,,2026062401,,,
New,,PA10921,,1000128,,東北物流株式会社,2026/6/1,99/99/99,100.00,,72.00 ,72.00 ,,,,,,,,,,,,2026062401,,,
New,,PA10923,,1000128,,東北物流株式会社,2026/6/1,99/99/99,100.00,,68.00 ,68.00 ,,,,,,,,,,,,2026062401,,,
New,,PA10946,,1000128,,東北物流株式会社,2026/6/1,99/99/99,60.00,,121.00 ,121.00 ,,,,,,,,,,,,2026062401,,,
New,,PA10946,,1000128,,東北物流株式会社,2026/6/1,99/99/99,100.00,,81.00 ,81.00 ,,,,,,,,,,,,2026062401,,,
New,,PA10947,,1000128,,東北物流株式会社,2026/6/1,99/99/99,60.00,,142.00 ,142.00 ,,,,,,,,,,,,2026062401,,,
New,,PA10947,,1000128,,東北物流株式会社,2026/6/1,99/99/99,100.00,,43.00 ,43.00 ,,,,,,,,,,,,2026062401,,,
New,,PA10948,,1000128,,東北物流株式会社,2026/6/1,99/99/99,30.00,,273.00 ,273.00 ,,,,,,,,,,,,2026062401,,,
New,,PA10948,,1000128,,東北物流株式会社,2026/6/1,99/99/99,100.00,,59.00 ,59.00 ,,,,,,,,,,,,2026062401,,,
New,,PA10964,,1000128,,東北物流株式会社,2026/6/1,99/99/99,10.00,,37.00 ,37.00 ,,,,,,,,,,,,2026062401,,,
New,,PA10964,,1000128,,東北物流株式会社,2026/6/1,99/99/99,50.00,,37.00 ,37.00 ,,,,,,,,,,,,2026062401,,,
New,,PA10973,,1000128,,東北物流株式会社,2026/6/1,99/99/99,100.00,,54.00 ,54.00 ,,,,,,,,,,,,2026062401,,,
New,,PA10974,,1000128,,東北物流株式会社,2026/6/1,99/99/99,100.00,,46.00 ,46.00 ,,,,,,,,,,,,2026062401,,,
New,,PA11000,,1000128,,東北物流株式会社,2026/6/1,99/99/99,10.00,,895.00 ,895.00 ,,,,,,,,,,,,2026062401,,,
New,,PA11000,,1000128,,東北物流株式会社,2026/6/1,99/99/99,100.00,,294.00 ,294.00 ,,,,,,,,,,,,2026062401,,,
New,,PA11001,,1000128,,東北物流株式会社,2026/6/1,99/99/99,10.00,,54.00 ,54.00 ,,,,,,,,,,,,2026062401,,,
New,,PA11001,,1000128,,東北物流株式会社,2026/6/1,99/99/99,100.00,,36.00 ,36.00 ,,,,,,,,,,,,2026062401,,,
New,,PA11002,,1000128,,東北物流株式会社,2026/6/1,99/99/99,60.00,,241.00 ,241.00 ,,,,,,,,,,,,2026062401,,,
New,,PA11002,,1000128,,東北物流株式会社,2026/6/1,99/99/99,100.00,,18.00 ,18.00 ,,,,,,,,,,,,2026062401,,,
New,,PA11003,,1000128,,東北物流株式会社,2026/6/1,99/99/99,10.00,,197.00 ,197.00 ,,,,,,,,,,,,2026062401,,,
New,,PA11003,,1000128,,東北物流株式会社,2026/6/1,99/99/99,100.00,,38.00 ,38.00 ,,,,,,,,,,,,2026062401,,,
New,,PA11027,,1000128,,東北物流株式会社,2026/6/1,99/99/99,100.00,,132.00 ,132.00 ,,,,,,,,,,,,2026062401,,,
New,,PA11028,,1000128,,東北物流株式会社,2026/6/1,99/99/99,100.00,,38.00 ,38.00 ,,,,,,,,,,,,2026062401,,,
New,,PA11029,,1000128,,東北物流株式会社,2026/6/1,99/99/99,100.00,,12.00 ,12.00 ,,,,,,,,,,,,2026062401,,,
New,,PA11030,,1000128,,東北物流株式会社,2026/6/1,99/99/99,100.00,,21.00 ,21.00 ,,,,,,,,,,,,2026062401,,,
New,,PA11053,,1000128,,東北物流株式会社,2026/6/1,99/99/99,100.00,,32.00 ,32.00 ,,,,,,,,,,,,2026062401,,,
New,,PA11135,,1000128,,東北物流株式会社,2026/6/1,99/99/99,100.00,,263.00 ,263.00 ,,,,,,,,,,,,2026062401,,,
New,,PA11151,,1000128,,東北物流株式会社,2026/6/1,99/99/99,100.00,,199.00 ,199.00 ,,,,,,,,,,,,2026062401,,,
New,,PA11152,,1000128,,東北物流株式会社,2026/6/1,99/99/99,100.00,,23.00 ,23.00 ,,,,,,,,,,,,2026062401,,,
New,,PA11153,,1000128,,東北物流株式会社,2026/6/1,99/99/99,100.00,,88.00 ,88.00 ,,,,,,,,,,,,2026062401,,,
New,,PA11156,,1000128,,東北物流株式会社,2026/6/1,99/99/99,100.00,,98.00 ,98.00 ,,,,,,,,,,,,2026062401,,,
New,,PA11159,,1000128,,東北物流株式会社,2026/6/1,99/99/99,100.00,,32.00 ,32.00 ,,,,,,,,,,,,2026062401,,,
New,,PA11161,,1000128,,東北物流株式会社,2026/6/1,99/99/99,100.00,,34.00 ,34.00 ,,,,,,,,,,,,2026062401,,,
New,,PA11162,,1000128,,東北物流株式会社,2026/6/1,99/99/99,600.00,,164.00 ,164.00 ,,,,,,,,,,,,2026062401,,,
New,,PA11163,,1000128,,東北物流株式会社,2026/6/1,99/99/99,600.00,,192.00 ,192.00 ,,,,,,,,,,,,2026062401,,,
New,,PA11240,,1000128,,東北物流株式会社,2026/6/1,99/99/99,100.00,,193.00 ,193.00 ,,,,,,,,,,,,2026062401,,,
New,,PA11241,,1000128,,東北物流株式会社,2026/6/1,99/99/99,100.00,,90.00 ,90.00 ,,,,,,,,,,,,2026062401,,,
New,,PA11242,,1000128,,東北物流株式会社,2026/6/1,99/99/99,100.00,,349.00 ,349.00 ,,,,,,,,,,,,2026062401,,,
New,,PA11258,,1000128,,東北物流株式会社,2026/6/1,99/99/99,100.00,,124.00 ,124.00 ,,,,,,,,,,,,2026062401,,,
New,,PA11283,,1000128,,東北物流株式会社,2026/6/1,99/99/99,100.00,,265.00 ,265.00 ,,,,,,,,,,,,2026062401,,,
New,,PA11284,,1000128,,東北物流株式会社,2026/6/1,99/99/99,100.00,,174.00 ,174.00 ,,,,,,,,,,,,2026062401,,,
New,,PA11289,,1000128,,東北物流株式会社,2026/6/1,99/99/99,100.00,,251.00 ,251.00 ,,,,,,,,,,,,2026062401,,,
New,,PA11304,,1000128,,東北物流株式会社,2026/6/1,99/99/99,100.00,,19.00 ,19.00 ,,,,,,,,,,,,2026062401,,,
New,,PA11309,,1000128,,東北物流株式会社,2026/6/1,99/99/99,100.00,,455.00 ,455.00 ,,,,,,,,,,,,2026062401,,,
New,,PA11310,,1000128,,東北物流株式会社,2026/6/1,99/99/99,40.00,,"1,404.00 ","1,404.00 ",,,,,,,,,,,,2026062401,,,
New,,PA11322,,1000128,,東北物流株式会社,2026/6/1,99/99/99,100.00,,203.00 ,203.00 ,,,,,,,,,,,,2026062401,,,
New,,PA11323,,1000128,,東北物流株式会社,2026/6/1,99/99/99,100.00,,169.00 ,169.00 ,,,,,,,,,,,,2026062401,,,
New,,PA11324,,1000128,,東北物流株式会社,2026/6/1,99/99/99,20.00,,194.00 ,194.00 ,,,,,,,,,,,,2026062401,,,
New,,PA11324,,1000128,,東北物流株式会社,2026/6/1,99/99/99,200.00,,53.00 ,53.00 ,,,,,,,,,,,,2026062401,,,
New,,PA11375,,1000128,,東北物流株式会社,2026/6/1,99/99/99,20.00,,866.00 ,866.00 ,,,,,,,,,,,,2026062401,,,
New,,PA11376,,1000128,,東北物流株式会社,2026/6/1,99/99/99,20.00,,"1,313.00 ","1,313.00 ",,,,,,,,,,,,2026062401,,,
New,,PA11393,,1000128,,東北物流株式会社,2026/6/1,99/99/99,50.00,,39.00 ,39.00 ,,,,,,,,,,,,2026062401,,,
New,,PA11394,,1000128,,東北物流株式会社,2026/6/1,99/99/99,50.00,,14.00 ,14.00 ,,,,,,,,,,,,2026062401,,,
New,,PA11408,,1000128,,東北物流株式会社,2026/6/1,99/99/99,50.00,,152.00 ,152.00 ,,,,,,,,,,,,2026062401,,,
New,,PA11417,,1000128,,東北物流株式会社,2026/6/1,99/99/99,300.00,,152.00 ,152.00 ,,,,,,,,,,,,2026062401,,,
New,,PA11418,,1000128,,東北物流株式会社,2026/6/1,99/99/99,300.00,,60.00 ,60.00 ,,,,,,,,,,,,2026062401,,,
New,,PA11419,,1000128,,東北物流株式会社,2026/6/1,99/99/99,300.00,,24.00 ,24.00 ,,,,,,,,,,,,2026062401,,,
New,,PA11421,,1000128,,東北物流株式会社,2026/6/1,99/99/99,100.00,,214.00 ,214.00 ,,,,,,,,,,,,2026062401,,,
New,,PA11422,,1000128,,東北物流株式会社,2026/6/1,99/99/99,100.00,,74.00 ,74.00 ,,,,,,,,,,,,2026062401,,,
New,,PA11427,,1000128,,東北物流株式会社,2026/6/1,99/99/99,100.00,,113.00 ,113.00 ,,,,,,,,,,,,2026062401,,,
New,,PA11428,,1000128,,東北物流株式会社,2026/6/1,99/99/99,100.00,,36.00 ,36.00 ,,,,,,,,,,,,2026062401,,,
New,,PA11429,,1000128,,東北物流株式会社,2026/6/1,99/99/99,100.00,,73.00 ,73.00 ,,,,,,,,,,,,2026062401,,,
New,,PA11430,,1000128,,東北物流株式会社,2026/6/1,99/99/99,100.00,,27.00 ,27.00 ,,,,,,,,,,,,2026062401,,,
New,,PA11433,,1000128,,東北物流株式会社,2026/6/1,99/99/99,10.00,,395.00 ,395.00 ,,,,,,,,,,,,2026062401,,,
New,,PA11433,,1000128,,東北物流株式会社,2026/6/1,99/99/99,50.00,,130.00 ,130.00 ,,,,,,,,,,,,2026062401,,,
New,,PA11437,,1000128,,東北物流株式会社,2026/6/1,99/99/99,10.00,,182.00 ,182.00 ,,,,,,,,,,,,2026062401,,,
New,,PA11437,,1000128,,東北物流株式会社,2026/6/1,99/99/99,100.00,,27.00 ,27.00 ,,,,,,,,,,,,2026062401,,,
New,,PA11437,,1000128,,東北物流株式会社,2026/6/1,99/99/99,200.00,,27.00 ,27.00 ,,,,,,,,,,,,2026062401,,,
New,,PA11455,,1000128,,東北物流株式会社,2026/6/1,99/99/99,100.00,,227.00 ,227.00 ,,,,,,,,,,,,2026062401,,,
New,,PA11456,,1000128,,東北物流株式会社,2026/6/1,99/99/99,100.00,,38.00 ,38.00 ,,,,,,,,,,,,2026062401,,,
New,,PA11458,,1000128,,東北物流株式会社,2026/6/1,99/99/99,100.00,,259.00 ,259.00 ,,,,,,,,,,,,2026062401,,,
New,,PA11459,,1000128,,東北物流株式会社,2026/6/1,99/99/99,100.00,,51.00 ,51.00 ,,,,,,,,,,,,2026062401,,,
New,,PA11463,,1000128,,東北物流株式会社,2026/6/1,99/99/99,100.00,,15.50 ,15.50 ,,,,,,,,,,,,2026062401,,,
New,,PA11464,,1000128,,東北物流株式会社,2026/6/1,99/99/99,50.00,,750.00 ,750.00 ,,,,,,,,,,,,2026062401,,,
New,,PA11465-1,,1000128,,東北物流株式会社,2026/6/1,99/99/99,60.00,,180.00 ,180.00 ,,,,,,,,,,,,2026062401,,,
New,,PA11465-1,,1000128,,東北物流株式会社,2026/6/1,99/99/99,100.00,,165.00 ,165.00 ,,,,,,,,,,,,2026062401,,,
New,,PA11465-2,,1000128,,東北物流株式会社,2026/6/1,99/99/99,60.00,,169.00 ,169.00 ,,,,,,,,,,,,2026062401,,,
New,,PA11465-2,,1000128,,東北物流株式会社,2026/6/1,99/99/99,100.00,,167.00 ,167.00 ,,,,,,,,,,,,2026062401,,,
New,,PA11466,,1000128,,東北物流株式会社,2026/6/1,99/99/99,60.00,,197.00 ,197.00 ,,,,,,,,,,,,2026062401,,,
New,,PA11466,,1000128,,東北物流株式会社,2026/6/1,99/99/99,100.00,,46.00 ,46.00 ,,,,,,,,,,,,2026062401,,,
New,,PA11470,,1000128,,東北物流株式会社,2026/6/1,99/99/99,50.00,,826.00 ,826.00 ,,,,,,,,,,,,2026062401,,,
New,,PA11471,,1000128,,東北物流株式会社,2026/6/1,99/99/99,50.00,,469.00 ,469.00 ,,,,,,,,,,,,2026062401,,,
New,,PA11472,,1000128,,東北物流株式会社,2026/6/1,99/99/99,100.00,,379.00 ,379.00 ,,,,,,,,,,,,2026062401,,,
New,,PA11473,,1000128,,東北物流株式会社,2026/6/1,99/99/99,100.00,,598.00 ,598.00 ,,,,,,,,,,,,2026062401,,,
New,,PA11511,,1000128,,東北物流株式会社,2026/6/1,99/99/99,50.00,,90.00 ,90.00 ,,,,,,,,,,,,2026062401,,,
New,,PA11517,,1000128,,東北物流株式会社,2026/6/1,99/99/99,500.00,,259.00 ,259.00 ,,,,,,,,,,,,2026062401,,,
New,,PA11520,,1000128,,東北物流株式会社,2026/6/1,99/99/99,100.00,,149.00 ,149.00 ,,,,,,,,,,,,2026062401,,,
New,,PA11524,,1000128,,東北物流株式会社,2026/6/1,99/99/99,100.00,,12.00 ,12.00 ,,,,,,,,,,,,2026062401,,,
New,,PA11527,,1000128,,東北物流株式会社,2026/6/1,99/99/99,50.00,,686.00 ,686.00 ,,,,,,,,,,,,2026062401,,,
New,,PA11528,,1000128,,東北物流株式会社,2026/6/1,99/99/99,150.00,,104.00 ,104.00 ,,,,,,,,,,,,2026062401,,,
New,,PA11535,,1000128,,東北物流株式会社,2026/6/1,99/99/99,100.00,,184.00 ,184.00 ,,,,,,,,,,,,2026062401,,,
New,,PA11536,,1000128,,東北物流株式会社,2026/6/1,99/99/99,100.00,,29.00 ,29.00 ,,,,,,,,,,,,2026062401,,,
New,,PA11536,,1000128,,東北物流株式会社,2026/6/1,99/99/99,150.00,,29.00 ,29.00 ,,,,,,,,,,,,2026062401,,,
New,,PA11538,,1000128,,東北物流株式会社,2026/6/1,99/99/99,100.00,,18.00 ,18.00 ,,,,,,,,,,,,2026062401,,,
New,,PA11538,,1000128,,東北物流株式会社,2026/6/1,99/99/99,200.00,,18.00 ,18.00 ,,,,,,,,,,,,2026062401,,,
New,,PA11540,,1000128,,東北物流株式会社,2026/6/1,99/99/99,50.00,,154.00 ,154.00 ,,,,,,,,,,,,2026062401,,,
New,,PA11543,,1000128,,東北物流株式会社,2026/6/1,99/99/99,100.00,,"1,432.00 ","1,432.00 ",,,,,,,,,,,,2026062401,,,
New,,PA11548,,1000128,,東北物流株式会社,2026/6/1,99/99/99,100.00,,711.00 ,711.00 ,,,,,,,,,,,,2026062401,,,
New,,PA11556,,1000128,,東北物流株式会社,2026/6/1,99/99/99,100.00,,947.00 ,947.00 ,,,,,,,,,,,,2026062401,,,
New,,PA11561,,1000128,,東北物流株式会社,2026/6/1,99/99/99,100.00,,222.00 ,222.00 ,,,,,,,,,,,,2026062401,,,
New,,PA11562,,1000128,,東北物流株式会社,2026/6/1,99/99/99,100.00,,164.00 ,164.00 ,,,,,,,,,,,,2026062401,,,
New,,PA11563,,1000128,,東北物流株式会社,2026/6/1,99/99/99,100.00,,90.00 ,90.00 ,,,,,,,,,,,,2026062401,,,
New,,PA11564,,1000128,,東北物流株式会社,2026/6/1,99/99/99,100.00,,355.00 ,355.00 ,,,,,,,,,,,,2026062401,,,
New,,PA11572,,1000128,,東北物流株式会社,2026/6/1,99/99/99,10.00,,840.00 ,840.00 ,,,,,,,,,,,,2026062401,,,
New,,PA11572,,1000128,,東北物流株式会社,2026/6/1,99/99/99,50.00,,369.00 ,369.00 ,,,,,,,,,,,,2026062401,,,
New,,PA11573,,1000128,,東北物流株式会社,2026/6/1,99/99/99,10.00,,193.00 ,193.00 ,,,,,,,,,,,,2026062401,,,
New,,PA11573,,1000128,,東北物流株式会社,2026/6/1,99/99/99,50.00,,43.00 ,43.00 ,,,,,,,,,,,,2026062401,,,
New,,PA11574,,1000128,,東北物流株式会社,2026/6/1,99/99/99,50.00,,250.00 ,250.00 ,,,,,,,,,,,,2026062401,,,
New,,PA11575,,1000128,,東北物流株式会社,2026/6/1,99/99/99,100.00,,236.00 ,236.00 ,,,,,,,,,,,,2026062401,,,
New,,PA11592,,1000128,,東北物流株式会社,2026/6/1,99/99/99,100.00,,151.00 ,151.00 ,,,,,,,,,,,,2026062401,,,
New,,PA11593,,1000128,,東北物流株式会社,2026/6/1,99/99/99,100.00,,23.00 ,23.00 ,,,,,,,,,,,,2026062401,,,
New,,PA11594,,1000128,,東北物流株式会社,2026/6/1,99/99/99,100.00,,16.00 ,16.00 ,,,,,,,,,,,,2026062401,,,
New,,PA11623,,1000128,,東北物流株式会社,2026/6/1,99/99/99,100.00,,28.00 ,28.00 ,,,,,,,,,,,,2026062401,,,
New,,PA11650,,1000128,,東北物流株式会社,2026/6/1,99/99/99,50.00,,339.00 ,339.00 ,,,,,,,,,,,,2026062401,,,
